isoform	old_count	new_count
ENSMUSG00000003559_TD	0	2
ENSMUST00000009522	0	175
ENSMUST00000010250	0	257
ENSMUST00000025570	0	31
ENSMUST00000025632	0	10
ENSMUST00000025663	0	3
ENSMUST00000025696	0	429
ENSMUST00000025729	0	10
ENSMUST00000025759	0	12
ENSMUST00000025762	0	8
ENSMUST00000025811	0	22
ENSMUST00000025827	0	88
ENSMUST00000025853	0	7
ENSMUST00000025861	0	4
ENSMUST00000025904	0	200
ENSMUST00000025915	0	3
ENSMUST00000025918	0	44
ENSMUST00000025921	0	6
ENSMUST00000026222	0	58
ENSMUST00000026227	0	14
ENSMUST00000026256	0	2
ENSMUST00000036884	0	21
ENSMUST00000037678	0	77
ENSMUST00000038379	0	6
ENSMUST00000044976	0	223
ENSMUST00000045396	0	8
ENSMUST00000049948	0	3
ENSMUST00000050148	0	6
ENSMUST00000050715	0	2
ENSMUST00000056391	0	4
ENSMUST00000057243	0	30
ENSMUST00000061856	0	17
ENSMUST00000062753	0	14
ENSMUST00000065601	0	5
ENSMUST00000067795	0	7
ENSMUST00000071423	0	9
ENSMUST00000076219	0	18
ENSMUST00000079033	0	5
ENSMUST00000079754	0	4
ENSMUST00000087556	0	2
ENSMUST00000087600	0	4
ENSMUST00000095950	0	26
ENSMUST00000097715	0	6
ENSMUST00000099353	0	11
ENSMUST00000102824	0	4
ENSMUST00000112508	0	106
ENSMUST00000113451	0	524
ENSMUST00000113502	0	7
ENSMUST00000118800	0	7
ENSMUST00000124158	0	2
ENSMUST00000128542	0	3
ENSMUST00000131070	0	42
ENSMUST00000140267	0	6
ENSMUST00000154467	0	8
ENSMUST00000159692	0	26
ENSMUST00000168445	0	5
ENSMUST00000169055	0	8
ENSMUST00000177667	0	1
ENSMUST00000209469	0	48
ENSMUST00000223934	0	5
ENSMUST00000224272	0	10
ENSMUST00000225210	0	4
ENSMUST00000225392	0	3
ENSMUST00000225529	0	1
ENSMUST00000226069	0	1
ENSMUST00000235274	0	27
ENSMUST00000235296	0	2
ENSMUST00000236200	0	5
ENSMUST00000236370	0	9
ENSMUST00000237104	0	5
ENSMUST00000237294	0	10
ENSMUST00000237301	0	7
ENSMUST00000237581	0	3
ENSMUST00000237658	0	3
ENSMUST00000237814	0	11
ENSMUST00000237840	0	2
general_TD	0	11
transcript1000	9	9
transcript1006	5	5
transcript1012	12	12
transcript1014	3	0
transcript1016	2	0
transcript102	26	26
transcript1020	2	2
transcript1022	2	2
transcript1025	24	24
transcript1027	2	2
transcript1029	11	0
transcript1032	4	15
transcript1034	18	18
transcript1039	2	2
transcript1041	88	0
transcript1046	15	0
transcript1048	14	29
transcript1056	3	3
transcript1058	73	73
transcript106	6	6
transcript1060	3	3
transcript1064	67	67
transcript1068	106	0
transcript1083	2	2
transcript1087	7	7
transcript1089	4	4
transcript1094	204	204
transcript1096	2	2
transcript1098	2	2
transcript1100	9	9
transcript1103	5	5
transcript1105	3	3
transcript1107	4	0
transcript1113	11	0
transcript112	102	102
transcript1124	164	0
transcript1130	39	39
transcript1137	8	8
transcript1142	2	2
transcript1144	2	2
transcript1147	3	3
transcript1149	10	0
transcript1152	5	5
transcript1155	2	0
transcript1157	4	6
transcript1160	2	0
transcript1163	31	31
transcript1165	4	0
transcript1170	5	5
transcript1172	6	6
transcript1175	3	3
transcript1177	42	0
transcript118	6	6
transcript1184	138	138
transcript1186	12	12
transcript1190	2	2
transcript1194	2	2
transcript1196	3	3
transcript1199	13	13
transcript12	3	3
transcript1203	4	4
transcript1205	5	5
transcript1223	2	2
transcript1227	2	2
transcript1229	6	6
transcript1231	5	5
transcript1234	5	5
transcript1236	4	4
transcript1239	2	2
transcript1242	4	4
transcript1244	68	68
transcript1246	3	3
transcript1248	2	2
transcript1250	7	0
transcript1256	142	142
transcript126	2	2
transcript1263	12	12
transcript1269	4	4
transcript1273	13	13
transcript128	3	3
transcript1281	91	91
transcript1283	3	0
transcript1285	4	4
transcript1294	7	7
transcript1301	50	50
transcript1303	5	5
transcript1306	5	5
transcript1310	46	46
transcript1312	3	3
transcript1314	10	10
transcript1316	5	5
transcript132	2	2
transcript1320	30	30
transcript1326	10	10
transcript1330	2	2
transcript1334	28	28
transcript1336	112	112
transcript1338	23	23
transcript1341	8	8
transcript1343	18	18
transcript1347	183	183
transcript135	59	59
transcript1358	5	0
transcript1360	16	16
transcript1362	68	68
transcript1364	41	41
transcript1366	58	0
transcript1368	13	13
transcript1371	2	2
transcript1377	7	7
transcript1379	3	3
transcript1381	6	0
transcript1383	14	0
transcript1387	3	3
transcript1391	9	9
transcript1394	3	3
transcript1396	2	0
transcript14	2	2
transcript1400	3	0
transcript1402	2	2
transcript1405	3	3
transcript1407	17	17
transcript141	42	42
transcript1410	18	18
transcript1412	8	8
transcript1415	2	2
transcript1417	8	0
transcript1424	5	5
transcript1426	5	5
transcript1431	3	3
transcript1436	2	2
transcript1440	3	0
transcript1447	3	3
transcript1449	3	3
transcript1451	93	93
transcript1454	7	7
transcript1457	2	2
transcript1462	9	9
transcript1468	3	0
transcript1473	18	21
transcript1475	2	2
transcript1477	3	0
transcript148	8	8
transcript1480	10	13
transcript1482	4	4
transcript1486	14	14
transcript1490	2	0
transcript1494	14	14
transcript1496	7	7
transcript1499	6	6
transcript1501	12	12
transcript1504	2	0
transcript1506	3	0
transcript1508	11	11
transcript1514	117	117
transcript152	4	4
transcript1520	11	0
transcript1522	9	9
transcript1524	4	4
transcript1530	21	21
transcript1536	10	0
transcript1538	23	23
transcript1543	2	2
transcript1545	7	0
transcript1547	15	15
transcript1549	19	19
transcript1551	2	2
transcript1555	3	3
transcript1558	2	0
transcript156	2	2
transcript1560	4	8
transcript1564	2	0
transcript1567	6	6
transcript1571	6	6
transcript1577	4	4
transcript158	5	5
transcript1581	2	2
transcript1583	39	39
transcript1585	12	12
transcript1589	9	0
transcript1591	3	3
transcript1594	17	0
transcript1598	5	0
transcript16	2	2
transcript1600	85	90
transcript1602	3	3
transcript1606	9	9
transcript1611	4	4
transcript1613	69	69
transcript1618	26	0
transcript162	8	8
transcript1623	3	0
transcript1625	2	0
transcript1629	27	27
transcript1631	5	5
transcript1635	2	2
transcript164	12	12
transcript1640	9	0
transcript1645	17	17
transcript1648	7	0
transcript1651	2	2
transcript1655	2	2
transcript1658	4	4
transcript166	36	36
transcript1661	7	7
transcript1667	10	10
transcript1672	3	3
transcript1674	7	7
transcript1677	2	2
transcript1679	5	5
transcript1686	23	23
transcript1688	3	3
transcript1691	6	0
transcript1693	13	13
transcript1698	3	3
transcript170	10	10
transcript1703	112	112
transcript1707	2	2
transcript1710	2	2
transcript175	43	43
transcript179	7	7
transcript182	9	9
transcript185	2	2
transcript187	22	0
transcript19	5	5
transcript191	114	114
transcript194	8	8
transcript196	5	5
transcript199	37	37
transcript2	7	7
transcript202	12	0
transcript204	8	0
transcript208	4	4
transcript210	3	0
transcript212	7	0
transcript215	5	5
transcript218	4	4
transcript221	48	0
transcript223	2	2
transcript228	4	0
transcript232	2	2
transcript234	2	2
transcript236	3	3
transcript238	4	4
transcript242	13	13
transcript249	15	15
transcript256	4	4
transcript258	2	2
transcript26	2	2
transcript262	3	3
transcript264	27	27
transcript270	26	26
transcript273	2	2
transcript275	5	5
transcript278	6	6
transcript283	18	18
transcript286	2	2
transcript289	11	11
transcript293	11	11
transcript295	4	4
transcript297	2	0
transcript299	3	3
transcript301	11	11
transcript303	2	2
transcript305	2	2
transcript307	2	2
transcript309	2	2
transcript311	4	4
transcript314	9	9
transcript316	3	3
transcript318	17	17
transcript32	2	2
transcript322	53	53
transcript326	7	0
transcript331	4	0
transcript334	10	10
transcript339	4	4
transcript34	2	2
transcript341	8	8
transcript353	13	0
transcript357	511	0
transcript36	6	6
transcript376	20	20
transcript380	6	6
transcript383	200	0
transcript388	4	4
transcript39	11	11
transcript393	2	2
transcript396	2	2
transcript398	3	3
transcript4	57	57
transcript400	4	4
transcript405	6	6
transcript408	3	0
transcript41	8	0
transcript410	2	2
transcript413	44	0
transcript415	3	3
transcript418	37	37
transcript420	86	86
transcript423	23	23
transcript426	2	2
transcript429	6	0
transcript436	39	39
transcript438	19	19
transcript44	3	3
transcript440	3	3
transcript444	51	51
transcript447	2	2
transcript449	18	18
transcript459	247	269
transcript47	13	13
transcript473	13	0
transcript475	9	0
transcript496	277	277
transcript50	22	22
transcript508	8	8
transcript510	21	21
transcript517	72	72
transcript52	2	2
transcript524	257	0
transcript532	5	5
transcript536	67	67
transcript539	5	5
transcript54	5	5
transcript542	16	16
transcript545	3	3
transcript548	4	4
transcript552	3	3
transcript556	8	8
transcript558	7	7
transcript56	8	8
transcript561	8	8
transcript563	6	6
transcript566	7	7
transcript569	3	3
transcript571	10	10
transcript574	4	0
transcript576	2	6
transcript578	12	12
transcript580	11	11
transcript582	27	0
transcript584	7	7
transcript586	2	2
transcript589	10	0
transcript591	27	27
transcript594	4	4
transcript596	58	58
transcript600	2	2
transcript602	3	0
transcript605	852	852
transcript608	4	4
transcript611	9	10
transcript613	2	3
transcript615	2	0
transcript617	9	9
transcript621	100	100
transcript625	3	3
transcript627	3	3
transcript631	37	37
transcript633	2	2
transcript636	4	4
transcript638	3	3
transcript64	267	267
transcript642	6	0
transcript650	31	0
transcript653	5	5
transcript660	2	2
transcript664	77	0
transcript668	3	0
transcript670	11	0
transcript673	5	0
transcript675	77	77
transcript678	4	4
transcript680	2	2
transcript682	11	11
transcript686	3	3
transcript689	9	9
transcript692	5	5
transcript694	14	14
transcript698	2	2
transcript7	11	11
transcript70	22	22
transcript701	2	2
transcript706	24	24
transcript708	13	13
transcript712	4	4
transcript715	2	2
transcript717	2	2
transcript721	2	2
transcript727	7	7
transcript732	223	0
transcript742	2	2
transcript751	1139	1139
transcript767	6	6
transcript769	21	21
transcript77	3	3
transcript771	2	2
transcript774	3	3
transcript778	11	11
transcript789	21	21
transcript806	65	65
transcript808	495	495
transcript814	330	330
transcript817	2	0
transcript821	2	0
transcript823	35	35
transcript83	40	40
transcript831	33	33
transcript835	10	0
transcript839	14	0
transcript841	2	2
transcript844	3	3
transcript847	7	7
transcript850	74	76
transcript853	3	3
transcript855	2	0
transcript858	4	0
transcript860	18	18
transcript862	2	2
transcript866	7	7
transcript868	3	0
transcript87	6	6
transcript870	2	2
transcript880	21	0
transcript882	2	0
transcript884	5	0
transcript890	3	3
transcript894	4	4
transcript896	2	2
transcript898	30	0
transcript90	4	4
transcript902	3	3
transcript908	16	16
transcript912	13	13
transcript917	2	2
transcript919	4	4
transcript92	7	7
transcript922	2	2
transcript924	2	2
transcript926	3	3
transcript929	2	2
transcript935	2	0
transcript937	4	4
transcript939	17	17
transcript94	6	0
transcript943	7	9
transcript947	18	0
transcript951	3	3
transcript954	181	181
transcript957	3	3
transcript960	4	0
transcript962	2	0
transcript964	23	25
transcript966	4	8
transcript968	4	0
transcript97	8	0
transcript970	7	7
transcript972	4	0
transcript974	2	0
transcript976	429	0
transcript978	19	19
transcript982	2	2
transcript984	3	3
transcript990	26	0
transcript994	5	0
transcript996	3	3
transcript998	9	9
